URL,工作名称,薪水,工作地址,工作经验,学历要求,公司名称,工作内容
"https://www.zhipin.com/job_detail/75ca00f2cf8c1f521Hd53ti1ElJQ.html","Java Back-end 개발자 모집","20-35K","成都","","本科","华为","담당업무: · 네이버 클라우드 플랫폼 프로젝트에 대한 개발 리딩 · 중국 현지 오피스 개발자들과의 기술 교류 및 글로벌 개발 · 글로벌 환경에서 통용될 수 있는 백엔드 · 공통 플랫폼 개발 자격요건: · Java, Web, C/C++, Mobile 등에 대한 전반적인 개발 경험과 지식을 가지고 있거나, 특정 개발 분야에 대한 심도있는 경험 · 영어 회화, 중국어가 가능하여 업무 진행 간 중국 개발자들과 '일반적인' 소 통에 무리가 없음 · 한,중 업무 조율과 관리에 포괄적인 사고와 조율이 가능 할 수 있도록 잠재 적인 가능성을 가짐 · 비즈니스 한국어 및 중국어 가능하신 분 우대사항: ·글로벌 서비스 개발 경험 ·영어 회화"
"https://www.zhipin.com/job_detail/98ce6f3f654665eb1XN82t-9EFtW.html","Java！Java！Java！（大厂双休，社保全额）","20-40K·14薪","成都","","本科","华为","要求： 1、统招本科以上学历，1年以上相关工作经验（优秀22届，23届也可）； 2、JAVA基础扎实，充分理解面向对象，熟悉io、nio、多线程、设计模式、通信协议等基础技术；熟悉JVM 工作原理并掌握常见性能调优方法； 3、熟悉Spring、Springmvc、Mybatis、Hibernate等常用开发框架及特征，熟悉常用中间件Tomcat、Mq、Kafka等； 4、熟悉单元测试用例开发；熟悉软件技术文档的编写； 5、具备良好的文档编制习惯和代码书写规范； 职责 1、负责SaaS软件等产品特性的系统设计、核心开发与交付及运维，构建软件工程能力。 2、主导或参与客户原始需求分析、系统设计等，能够与团队融洽协作，高质量完成核心交付。 3、主导或参与系统核心模块的技术竞争力构建，跟踪分析业界发展趋势并完成竞争力分析。 4、负责相关子系统及业务流程的优化，研发过程持续改进"
"https://www.zhipin.com/job_detail/74bce9aeaf9b6f1603d72Nm7GVRW.html","Java后端开发工程师（CRM/SAAS方向）","20-28K","成都","","本科","华为","职位描述： 1. 负责企微社群运营工具、CRM、风控、质检等业务的需求技术方案设计与开发工作，确保高质量完成迭代任务。 2. 具有对系统稳定性、质量有非常良好的意识。 3. 具有较强的表达和沟通能力。 4. 具有较强的主动性、责任心和跨团队协助能力。 5. 有SaaS、SCRM、CRM业务背景优先。 职位要求： 1. JAVA基础扎实，理解io、多线程、集合等基础框架，对JVM原理有一定的了解，熟悉java内存模型，垃圾回收机制，能够针对实际场景进行系统分析和性能调优； 2. 熟练使用SpringBoot、MyBatis等相关开源框架，部分理解其底层原理和设计思路； 3. 熟练掌握MySQL等关系型数据库，对事务、锁、索引有较深的理解，熟练表模型设计和SQL调优； 4. 了解分布式系统和微服务架构，至少熟练使用一种微服务框架(SpringCloud、Dubbo)； 5. 熟练使用常用的缓存、消息队列、搜索等中间件，熟悉各种中间件的适用场景； 6. 熟悉常用的设计模式，并能够运用到实际场景中，实现高可用，高扩展的设计方案；"
"https://www.zhipin.com/job_detail/453132ecffdee41403Bz09m7EFJX.html","Java 中高级游戏服务器开发","12-24K","成都","","学历不限","华为技术有限公司","一、薪资范围： 12k-24k 二、岗位职责： 2.1 能准确理解策划需求； 2.2 根据设计需求负责游戏后端与前端通讯协议接口实现、持续优化改进以及维护； 2.3 规范文档的编写、维护，以及其他与项目相关工作。 三、岗位要求： 3.1 3年以上游戏开发经验； 3.2 具备扎实的Java基础； 3.3 熟悉多线程并发编程，有JVM线上调优经验优先； 3.4 熟悉Netty，WebSocket编程模式，了解 TCP/IP、HTTP 等网络协议，有高并发设计经验； 3.5 熟悉Spring，springboot等主流框架，具备良好的代码风格，熟悉设计模式和代码重构； 3.6 熟悉Mysql，Redis，MongoDB数据库,以及相应数据库调优； 3.7 熟悉Ngxin，Dubbo，ZooKeeper，消息中间件等； 3.8 熟悉Linux环境，具备基础服务部署及调试维护的能力； 3.9 有从事过完整游戏项目者优先。 四、薪资待遇: 4.1 综合薪资12k-24k(具体面议）技能不同，补贴不同，技能越多，待遇越高，技能补助500元-1000元不等，挖掘你的无限潜力； 4.2 公司地点：成都市双流区博雅城市广场D座1101号 （广都地铁站C口）； 4.3 休假时间：每周单双休(每月累计可休6天) 节假日正常休； 广阔的职业晋升空间，与公司共同成长。如果您对这个职位感兴趣，并认为自己符合要求，欢迎联系我。"
"https://www.zhipin.com/job_detail/3b4feca8c458803003R50tq1GVNS.html","后端开发工程师（ 自研 高薪 ）","14-28K·15薪","成都","","本科","艾融软件","招聘方向：java/python/c/c++/php/c#/go等方向开发和测试（市场上所有技术方向均有） 工作地点：北京/上海/南京/杭州/苏州/深圳/东莞/成都/西安/济南/广州华为研究所 工作职责: 1.负责华为IT产品核心模块的设计和开发，核心架构设计及代码维护; 2.参与先进的管理理念优秀的工程实践的建立和研究; 3.攻克各种大数据量、低访问时延等方面的技术难关; 4.参与产品的部署运维,保障系统的高可用性 业务技能要求 1.熟悉主流架构设计方法:微服务、高并发、分布式等; 2精通包JAVA,MYSQL,SPRING等主流的框架、数据库、语言等基本的编程技术; 3熟悉SVNGIT等基本研发工具的使用; 4.有前端开发经验者优先。 [福利补贴] 带薪年假、入职&年度免费体检、免费夜宵、班车/加班打车免费、下午茶、节假日礼品等。 [工作时间] 1、上班8:00-9:00弹性，午休12:00-14:00，下班17:30-18:30(上下班时间一般跟所在项目组走) ; 2、一般一二四属于补工时到晚上20:30左右，三五正常时间下班(确保工时平均每天够8h，工时不需补且无加班需要，自己灵活安排下班时间，重点看结果产出) ; 3、周未双休，月未周六固定加班双倍工资，其他因业务需求指令性加班情况，可申请加班，按国家规定支付加班费"
"https://www.zhipin.com/job_detail/d066612cf27a9d101HB52t--GFBQ.html","java开发","14-28K·14薪","成都","","本科","艾融软件","1、有大型分布式系统设计和开发经验，对分布式相关理论有深入的理解； 2、熟悉Java/C/C++/Python其中一种语言，具备良好的算法和编程能力； 3、熟悉Spring、Spring Boot 、Spring Cloud等各种开源框架，特别在Spring/SpringCloud领域有丰富的项目实践经验者优先； 4、熟悉Mysql、Oracle等数据库，有相关数据开发经验； 5、熟悉Devops，熟悉Docker，熟悉Kubernetes应用优先； 6、熟悉Service Mesh、微服务治理、灰度发布等相关技术优先； 7、有较强的学习能力、良好的团队协作能力。"
"https://www.zhipin.com/job_detail/98734518061831ca03R42925FVBR.html","软件开发&软件测试","15-30K·14薪","成都","","本科","某大型知名计算机软件上市公司","招软件开发工程师（C++、安卓、Java、前端、算法、嵌入式、数据开发等）和自动化测试 岗位职责：1.参与公司企业级产品后端的研发，确保系统的安全.高可用性和可靠性；2.参与业务需求讨论，评审产品设计，驱动研发团队一起按时.高质量完成产品交付；3.参与系统方案设计，理解迅速.准确，保证编码的质量，保持良好的沟通。 【任职要求】：1.第一学历本科及以上，计算机电子通信等理工科专业，211.985院校优先、有相关工作经验优先； 2.积极乐观，认真负责，乐于沟通，善于协作； 3.熟练使用JAVA语言(或C语言、python、C++、js、php、go、C#、Objective-C) 4.自动化测试相关经验优先"
"https://www.zhipin.com/job_detail/974ec7a544f6186003Zy3dq8FVtZ.html","高级全栈工程师","15-25K","成都","","本科","某大型知名计算机软件上市公司","岗位职责 1、参与系统开发，完成系统功能模块设计及开发； 2、完成开发任务，可指导初级工程师进行功能开发； 3、具有一定业务理解能力、文档编写及沟通能力； 4、按计划完成系统模块设计、编码、测试； 5、完成领导安排的其他工作。 任职要求 1.全日制大学本科及以上学历，985、211院校毕业优先 2. 3年以上java全栈开发经验 4.具备扎实的Java基础，具有良好的编码习惯 5.熟悉Spring MVC，SpringBoot，Spring cloud等开发框架 6.熟练掌握HTML、CSS、JavaScript、jQuery等前端技术，掌握任一种angularJs/vue/react前端框架，了解Nodejs 7.熟悉Oracle、MySQL等关系型数据库 有军工信息化系统开发经验者优先。"
"https://www.zhipin.com/job_detail/b7e925377320e34603Jy3tq9FVJU.html","java","15-25K","成都","","本科","某大型知名计算机软件上市公司","岗位职责 1. 系统开发：运用Java面向对象编程，负责公司核心业务系统后端模块开发。基于SpringMVC/SpringBoot框架完成接口设计与实现，保障数据交互稳定。 2. 数据处理：利用Spring Data JPA或Hibernate，结合PostgreSQL进行数据库表设计与数据访问层编写，实现数据高效管理。 3. 开发管理：使用Gradle管理项目构建和依赖，通过Git进行版本控制，借助Jira跟踪项目进度，协同各岗位保障项目交付。 4. 微服务搭建：基于SpringCloud搭建、维护微服务架构，完成服务拆分、注册、调用链跟踪，提升系统扩展性。 任职要求 1. 专业背景：计算机相关专业，本科及以上学历。 2. 工作经验：5年以上Java开发经验，有大型项目经历优先。 3. 技术能力 - 精通Java面向对象编程与设计模式。 - 熟练掌握SpringMVC/SpringBoot、Spring Data JPA/Hibernate、PostgreSQL 。 - 能熟练运用Gradle、Git、Jira 。 - 熟悉SpringCloud微服务架构并有实践经验。"
"https://www.zhipin.com/job_detail/69f7a5b4dc96f00f03d729q1ElZW.html","开发工程师（多个方向，G超稳定）","15-25K","成都","","硕士","某大型知名计算机软件上市公司","方向1：开发工程师（后端） 工作职责： 1、协助开展产品架构设计、数据模型设计、产品研发，项目交付、科研课题等工作； 2、参与系统后端业务代码开发工作，按时、保质完成相关研发任务。 3、参与关键技术或者技术难题研究，持续提升系统先进性，可靠性和稳定性。 任职要求： 1、硕士及以上学历，计算机相关专业，3年以上Java软件设计开发相关经验； 2、具备2年以上的微服务设计开发经验，精通微服务开源框架，了解其技术原理和实现机制； 3、有扎实的Java语言基础，具备较强的代码能力，熟练掌握多线程、并发、分布式、事务、IO、集合等基础框架； 4、熟悉JVM、缓存、分布式架构、消息中间件等核心技术； 5、熟悉各类关系型数据库，对SQL优化有一定的经验，对数据库事务、锁、索引有深入理解，熟悉Java 持久化规范/框架； 6、有强烈的工作责任心，较强表达沟通、团队协作、学习以及分析问题解决问题的能力； 7、有较强的写作能力，有参与科研课题、专利论文撰写经验优先。 方向2：开发工程师 工作职责： 1、参与新产品研发中的业务痛点分析、关键技术选型工作； 2、承担核心关键技术的理论研究、技术攻关、程序开发和工程落地工作； 3、承担将核心研究成果转化为专利论文，积极申报科研课题； 4、跟踪公司主营业务领域新技术研究趋势，研判新技术落地应用可行性。 任职要求： 1、硕士及以上学历，计算机相关专业； 2、熟练掌握Java / Python开发语言，有大型复杂算法开发落地经验，具备2年以上的微服务设计开发经验，精通各类微服务开源框架，了解其技术原理和实现机制； 3、以第一作者发表过计算机、人工智能相关领域高水平论文； 4、主持或作为核心人员参与过省部级以上科研课题，或有大型算法竞赛获奖经历优先。 方向3：开发工程师 工作职责： 1、参与产品规划、产品架构设计、产品实现、开发团队指导、系统交付、科研课题申报及执行工作； 2、参与机场地面服务指挥调度系统后端业务代码开发工作，按时、保质完成相关研发任务； 3、参与关键技术或者技术难题突破和攻克，持续提升系统可靠性和稳定性，协助解决各类潜在的技术风险。 任职要求： 1、硕士学历，计算机相关专业， 3年以上Java软件设计开发相关经验，具备较强的代码能力，精通JVM、Web开发、缓存、分布式、消息中间件等核心技术； 2、精通JavaEE相关的主流开源框架，了解其原理和机制； 3、熟悉各类关系型数据库，对SQL优化有一定的经验； 4、具备产品业务设计、功能设计相关工作经验，对市场趋势和产品规划有较好的把控能力；具备独立完成相关项目文档撰写能力； 5、主动性和自我驱动意识强，有一定的抗压能力，较强的工作责任心、良好的沟通能力和团队协调协作能力；有较强的学习能力和分析问题解决问题的能力； 6、开阔的技术视野，扎实的基本功。注重目标，遵从技术规范，具备对复杂业务有良好的抽象和建模能力； 7、具备强烈的责任心和求知欲，注重技术细节，遵从技术规范，注重有效沟通，团队协作意识良好； 8、具备优秀的统筹、策划能力，文字功底强，语言沟通表达能力强。"
"https://www.zhipin.com/job_detail/f5e9fc08fa400f051Hd809i7FlJT.html","高薪急聘Java开发","20-40K·16薪","成都","","本科","华为","1、本科以上学历，1年以上相关工作经验； 2、JAVA基础扎实，充分理解面向对象，熟悉io、nio、多线程、设计模式、通信协议等基础技术；熟悉JVM 工作原理并掌握常见性能调优方法； 3、熟悉Spring、Springmvc、springcloud、springboot、Mybatis、Hibernate等常用开发框架及特征，熟悉常用中间件Tomcat、Mq、Kafka等； 4、熟悉单元测试用例开发；熟悉软件技术文档的编写； 5、具备良好的文档编制习惯和代码书写规范； 6、熟悉微服务框架加分项 7、有全栈开发经验优先 8、良好的沟通能力"
"https://www.zhipin.com/job_detail/fc67590b1f7b9b3803N429u0FVtZ.html","资深java开发工程师(外包）","20-25K","成都","","本科","华为","职责描述 1.负责Java相关的高级技术问题解决和系统架构设计 2.参与核心代码的编写，确保代码质量和系统性能 3.与团队合作，完成项目需求分析和模块划分 任职要求 1.具备扎实的Java编程能力，熟悉分布式系统的开发和维护 2.具有良好的问题分析和解决能力，能够独立承担技术难题 3.具备良好的团队合作精神，能够高效沟通和协作 4.统招本科，至少3年以上工作经验，"
"https://www.zhipin.com/job_detail/8dfe2803f8ffafd303F_3dW5F1dQ.html","后端开发工程师","20-40K·14薪","成都","","本科","华为","【岗位要求】 1、计算机、软件、通信等相关专业本科及以上学历； 2、热爱编程，基础扎实，熟悉掌握但不限于JAVA/C++/C/Python/JS/HTML/GO等其中一种编程语言，有良好的编程习惯； 3、具备独立工作能力和解决问题的能力、善于沟通，乐于合作，热衷新技术，善于总结分享，喜欢动手实践； 4、对数据结构、算法有一定了解； 【岗位职责】 在这里，你将从事IT应用层软件、分布式云化软件、互联网软件等的设计开发，可以采用敏捷、Devops、开源等先进的软件设计开发模式，接触最前沿的产品和软件技术，成为大容量高并发技术的专家；你将参与华为产品的软件研发工作，包括但不限于： 1）完成从客户需求到软件产品定义、架构设计、开发实现、再到上线运营维护等产品生命周期中的各个环节； 2）创造性解决产品在实现过程中的技术难题，应用前沿技术提升产品的核心竞争力，如分布式系统、性能调优、可靠性、数据库等；"
"https://www.zhipin.com/job_detail/364973b4c7979a8003R-0t68EVtY.html","Java 开发工程师","9-10K","成都","","大专","中电金信","岗位职责： 1. 参与项目地架构设计，架构开发工资，核心模块设计与代码编写。 2. 系统性能优化，难点攻关，保证系统稳定，快速，安全运行。 3. 参与代码开发规范，技术标准的制定，审核开发人员的系统设计和代码质量。 4. 合理安排重构计划，不断提高产品的代码质量，为团队引入创新的技术，创新的解决方案，用创新的思路解决问题。 任职要求： 1. 计算机相关专业，电商行业经验优先，3年以上工作经验。 2. Java语言基础扎实，精通面向对象的分析和设计技术，熟练运用设计模式。 3.熟悉VUE。 4. 精通J2EE核心技术，熟悉Spring、Struts/SpringMVC、SpringBoot、Spring Cloud、Mybatis、Hibernate等开源框架。 5. 精通MySql，Redis等数据库，熟悉常用的解决数据库负载的方法。 6. 熟悉Linux操作系统，熟悉Shell脚本编程及常用Linux操作命令。 7. 对技术有强烈的兴趣，喜欢钻研，具有良好的学习能力。 8. 具有良好的沟通能力，良好的团队协作精神。 9. 有独立部署，运维能力优先。"
"https://www.zhipin.com/job_detail/265ebb2dcfc8c7211HR709m6GVFV.html","Java开发-自研","9-14K","成都","","本科","中电金信","岗位职责： 1.参与项目需求和设计的沟通讨论. 2.理解业务需求和概要设计，完成详细设计、代码编写和单元测试; 3.协助将分配任务进行细化分解，完成系统各项核心功能开发任务。 任职要求： 1. 4年以上Java相关开发经验，计算机软件或相关专业本科以上学历; 2.具备扎实的编程基础，能按时，独立、高质量的完成开发任务; 3.熟练掌握Spring boot/Spring MVC，Mybatis 等主流开发框架;了解网络编程; 4.至少熟悉一种关系型数据库SQL语句，具备多表查询等复杂SQL的编写和优化能力。（如Redis, MongoDB 等;） 5.熟练使用Dubbo或SpringCloud等微服务组件; 6.熟悉Web前端技术，如HTML，CSS 及Javascript；了解Vue等前端框架； 7.良好的英文文档阅读能力。 工作时间：早9晚6 双休 偶尔加班 面试形式：2轮 1面线下 2面线上。 福利待遇：每月15号之前入职 购买社保 备注：(⊙o⊙)，看清要求再沟通噢，不符合工作年限请忽投递；谢谢配合啦。"
"https://www.zhipin.com/job_detail/c51998644264c72a03F63Nu_FlRX.html","java开发","9-10K","成都","","本科","中电金信",""1、根据系统迭代计划，参与业务需求转化为开发设计，并完成相应的编码工作； 2、协助负责人进行团队内系统稳定运营，不断对系统优化提升； 1、5年以上java实际开发经验，最近3年一直从事java开发。 2、精通java开发,熟悉springboot、mybatis等相关技术框架。 3、精通基于数据库的应用开发,可对SQL脚本做一定程度的调优。 4、对微服务有一定认知，精通spring cloud或springboot框架。熟悉springboot整合数据库、日志、Redis、MQ等常见框架组件。 5、同时具备前端VUE开发能力者、有Python开发经验、有优秀的系统设计能力者、有优秀的沟通协调能力者优先考虑； 6、在项目中承担功能设计、小团队管理经验。有大项目管理经验优先。 7、对技术保有持续的激情，喜欢钻研代码、喜欢研究算法、热爱开源技术，乐观开朗，诚实守信。""
"https://www.zhipin.com/job_detail/48357757e2b0d7f503J53tS8FFRR.html","Java开发工程师","12-13K","成都","","本科","华为技术有限公司","岗位职责: 1、与其他工程师、测试、产品经理和交付团队一起对AI数据服务领域痛点进行调研并寻找产品级解决方案 2、参与需求评估，包括但不限于需求细节讨论、优先级制定、开发计划评估 3、参与并负责复杂多级分布式应用系统的稳定性和扩展性技术设计 4、发现技术突破点并驱动落地实现 5、参与研发团队管理，在快速的迭代中灵活合理分配研发资源，控制风险 6、辅导培养团队初级工程师，在包括但不限于软件设计、编程技巧和时间管理等方面成为他们的学习对象 7、 确保工作内容符合相关法规和标准，包括合规性要求和数据保护法规。 任职要求： 1、计算机相关专业，本科及以上学位 2、1年以上软件开发工作经验，接受优秀应届生 3、Java基础扎实，熟练掌握Spring等主流框架， 4、熟练掌握MySQL,Redis等主流数据库/数据处理技术，并对计算机原理、数据结构和算法有深入理解 5、具有复杂分布式系统设计经验；熟悉中间件 6、有出色的解决问题能力，自我驱动，结果导向 7、有全栈开发经验者优先，有AI相关经验者优先."
"https://www.zhipin.com/job_detail/e48f2e24cba3ed9c03Zz2dW4FFtQ.html","中高级Java（双休+银行项目）","14-15K","成都","","本科","艾融软件","负责Java代码开发，根据业务需求，基于公司统-构架承担系统 【岗位要求】:扎实Java基础，熟练使用Java领域主流框架SpringBoot、MyBatis等，掌握多线程及高性能的设计编码与性能调优: "熟悉关系型数据库基才原理，熟练掌握mysql\tdsql\gbase\oracle 高斯-GaussDB数据库开发技术: 熟练掌握git代码管理工具:，具备良好的编码习惯及较强的文档编写能力:"熟悉Lin…系统和snei1脚本编写优先 从事金融产品销售机构资金监管系统开发"
"https://www.zhipin.com/job_detail/8a14fe0a892b231903Bz2tW5GVBT.html","Java 后端工程师","10-15K","成都","","本科","法本","一、岗位职责 1、系统设计与开发：深度参与公司产品或项目的后端系统开发工作，依据业务需求独立完成功能模块的详细设计、编码实现，确保代码质量高、可维护性强、性能优。 2、技术文档撰写：按照项目规范，认真撰写清晰、详细的技术文档，包括、接口文档、数据库设计文档等，为项目的后续维护、拓展以及团队成员间的知识共享提供有力支持。 3、测试与维护：协助测试团队制定测试计划，对所开发的功能模块进行全面的单元测试和集成测试，及时发现并修复代码中的缺陷和问题，确保系统质量。在测试阶段，积极配合测试人员定位问题，快速修复发现的软件漏洞。 4、负责交付客户项目的日常维护工作，及时完成客户新需求开发及更新。 二、任职要求 1、工作经验与学历：具有至少3年 java开发经验，全日制本科及以上学历，计算机相关专业优先。 2、专业技能要求： 2.1、熟练掌握 Java 语言，对 Java 基础技术体系有深入理解，包括 JVM 原理、类加载机制、多线程并发编程、IO、网络编程等，能够熟练运用相关知识解决实际开发中的问题。 2.2、精通 Spring、Spring Boot、Spring Cloud 等主流 Java 开发框架中的一种或多种，理解其核心原理，并能够熟练运用这些框架进行项目开发，具备独立搭建和配置基于这些框架的开发环境的能力。 2.3、熟练掌握 MySQL 等关系型数据库的设计、开发与优化，能够编写高效的 SQL 语句，具备数据库索引优化、查询优化的能力，熟悉数据库事务处理机制，了解数据库集群与高可用架构。 2.4、熟悉常用的开发工具，如 Maven、Gradle 用于项目构建与依赖管理，Git 用于版本控制，能够熟练使用 IDEA、Eclipse 等开发集成环境进行代码开发、调试与部署。 2.5、了解 HTML、CSS、JavaScript 等 Web 前端基础知识，对前后端交互原理有清晰认识，能够与前端团队顺畅沟通协作，理解并实现前端提出的数据接口需求。 3、综合素质要求 3.1、具有良好的沟通能力和团队协作精神，能够快速理解业务需求。 3.2、具备较强的问题解决能力和抗压能力，能够独立解决复杂技术问题。 3.3、有良好的代码风格和编程习惯，注重代码质量和开发效率。 3.4、具有创新意识，能够提出新的解决方案和优化建议。"
"https://www.zhipin.com/job_detail/03db602c8fbc7af203Z83tS9F1dQ.html","Java开发-项目稳定-13薪-银行项目","10-15K","成都","","本科","法本","java开发工程师 1、熟悉掌握]ava开发语言熟练掌握Oracle、Mysql数据库的开发、性能评估和优化能力 2、熟悉SpringBoot生态体系的开发和调试同时具备较强的理解能力和沟通能力，有较强的责任心具备高并发交易类系统开发经验的复合型人才; 3、熟悉vue开发优先，有前端开发能力的优先考虑-VUE、JS相关开发技能，有移动端研发经验优先) 本科及以上:统本或统专+学信网可查自考本工作地点:四川省成都市成华区杉板桥路333号，天荟成华文创大厦"
"https://www.zhipin.com/job_detail/1e118e711e5464b803Fz2N20EVBX.html","软件开发工程师","10-12K","成都","","本科","法本","岗位职责： 1、参与川海晨洋软件产品的需求分析与设计，确保技术实现满足业务需求； 2、负责软件产品的编码、单元测试及系统联调，保证代码质量和性能； 3、持续优化现有软件产品，快速响应并解决生产环境中的问题； 4、与团队合作，参与技术文档编写，确保项目文档的完整性和准确性。 任职要求： 1、计算机相关专业本科及以上学历，具备扎实的编程基础； 2、熟悉Java语言及其相关生态，掌握Spring Boot、Spring Cloud等主流框架； 3、了解数据库设计和优化，有MySQL、Redis等数据库使用经验； 4、具备良好的问题分析和解决能力，能够独立完成模块开发； 5、具有较强的团队合作精神，良好的沟通能力和责任心。"
"https://www.zhipin.com/job_detail/afa75ffb4f95b6e903F909S8GVdV.html","java开发","12-16K","成都","","本科","华为技术有限公司","重点：票据经验 1、计算机类、通信、电子信息相关专业本科及以上学历。 2、精通java、spring、mybatis相关架构体系。 3、精通oracle、db2、mysql等至少一种数据库。 4、能根据需求完成功能设计与开发工作。 5、表达能力强，能很好的理解和分析业务需求。 6、有民银行tesla框架开发经验优先。"
"https://www.zhipin.com/job_detail/47fea3c1f0542a5403J829-6ElVV.html","JAVA开发（外企、氛围好、有一周2天居家）","12-15K","成都","","大专","华为技术有限公司","工作职责 负责公司业务模块开发 1. 和离岸IT团队紧密合作进行软件开发。开发工作涵盖整个软件开发生命周期，包括影响分析、系统设计、开发、测试、维护、文档制作和团队主管或经理指派的宏利所支持的任何信息系统相关的任务； 2. 负责在团队中的协调、指导并和团队成员进行知识分享； 3. 主管安排的其他工作。 任职资格  熟悉微服务  熟悉Java, Spring, Spring boot 和 Spring Cloud框架开发经验；  熟悉Html, CSS, JS;  熟悉主流的数据库（例如：MySQL, Oracle, MongoDB）;  熟练使用Git;  有分布式开发经验，熟练Redis，Azure Service Bus，Rabbit MQ 或 Kafka开发者优先  良好的英语读写能力，英语听说能力优秀者优先  学历要求统招  相关工作经验4年左右"
"https://www.zhipin.com/job_detail/bfbfe7418641f3d503Jy2d69ElVZ.html","【政务项目】高级研发工程师","15-20K","成都","","本科","某大型知名计算机软件上市公司","岗位职责： 1.深入理解业务需求，参与需求分析与讨论，从技术角度提供可行性建议，优化产品功能设计，确保技术实现与业务目标的一致性。 2.承担关键模块的核心代码编写工作，遵循编码规范，确保代码的可读性、可维护性和高效性。 3.作为技术骨干，为团队成员提供技术指导和培训，帮助他们提升技术水平，解决开发过程中遇到的技术难题。 4.参与公司内部的技术创新项目，探索新技术的应用场景和解决方案，推动公司技术的持续进步。 任职要求： 1.计算机科学、数学等相关专业，原则上要求全日制硕士研究生，能力特别突出的可放宽至本科。 2.熟悉至少一种主流编程语言（如Java、C++、Python等），具备扎实的编程基础，熟练掌握面向对象编程思想和设计模式。 3.熟悉分布式系统架构设计，掌握微服务、服务发现、配置中心、API网关等技术。 4.精通关系型数据库（如MySQL、PostgreSQL、达梦、金仓等）和非关系型数据库（如Redis、MongoDB等）的使用和优化，具备数据库设计、索引优化、SQL调优等能力。 5.具有良好的团队合作精神，能够与不同背景和专业领域的团队成员进行有效沟通和协作。"
"https://www.zhipin.com/job_detail/edad099016f9a68003J_39y8EFBY.html","SaaS技术部-Java高级/Java技术专家","20-35K","成都","","本科","华为","岗位职责: 1. 负责餐饮SaaS业务系统的建设工作，包括需求把控、方案选型、系统设计、功能开发、系统优化等，能够胜任业务需求拆解细化并实施； 2. 站在商家视角，用技术提高生产力，快速解决业务需求和问题； 3. 攻克技术难点，持续优化系统架构，确保业务系统可持续演进； 4. 技术输出，指导初、中级工程师，参与团队技术分享，促进团队成员共同进步。 岗位要求: 1. 本科及以上学历，扎实的计算机专业基本功； 2. 本科3年以上（研究生2年以上）Java开发经验，精通Java技术栈，精通Spring、MyBatis、RPC框架等流行开源框架，研究过优秀开源软件的源码并有心得者优先; 3. 精通MySQL应用开发，熟悉数据库原理和常用性能优化技术，熟悉NoSQL、缓存、消息队列等中间件的原理、使用场景以及限制； 4. 熟悉常见的业务系统架构知识和方法；精通面向对象设计及开发，熟悉常见设计模式，熟悉常见的业务建模方法和工具； 5. 较强的技术钻研及攻关能力；有较强的逻辑思维、问题分析、问题解决能力，善于分析、归纳、解决问题； 6. 能独自主导中大型项目的设计和开发落地，能够独自或带队进行项目研发。 岗位亮点: 1. 加入美团SaaS技术部，有机会参与到高速增长的餐饮业务，有海量数据、高并发、高稳定性、高扩展性的技术挑战，可以接触互联网应用的先进技术； 2. 能与行业大牛一起共建餐饮数字化管理应用体系，接触到更多行业前沿知识，理解餐饮商家如何经营和管理，理解餐饮企业典型商业模式如何运作； 3. 团队氛围：开放、真诚、平等、务实，强调以逻辑和事实说话，而不是岗位级别和层级，尊重知识和常识，努力以业务视角去思考去落地。 具备以下优先: 1. 有ToB业务系统建设经验，尤其是餐饮行业业务系统建设经验；具有SaaS业务系统建设经验；具有供应链业务系统建设经验； 2. 参与过大型复杂分布式系统设计开发，有故障排查处置、性能优化、复杂业务建模、服务框架建设等工程实践经验； 3. 有横向跨团队大型项目推动经验。"
"https://www.zhipin.com/job_detail/55fa8bd7067afcfc03Jy3969ElZT.html","后端开发工程师（高教咨询领域，自研项目）","15-30K·13薪","成都","","本科","某大型知名计算机软件上市公司","【岗位职责】 1、根据业务需求进行沟通、设计、开发等工作。确保任务完成时间，质量及性能； 2、负责技术选型，搭建开发框架、封装公共组件； 3、根据项目架构，建立对应CI/CD流程； 4、积极参与技术分享和交流。 【任职资格】 1、3年以上Java开发经验，Java基础扎实，熟悉多线程编程，熟悉JVM，包括内存模型、类加载机制以及性能优化； 2、深入理解分布式软件架构思想，熟悉面向对象思想和开发过程，熟悉相关建模工具； 3、熟练掌握常见框架，如SpringMVC、SpringBoot、MyBatis、Dubbo等框架； 4、了解RocketMQ，kafka等消息队列； 5、熟练掌握 MySQL,Oracle 应用开发、数据库原理，有高可用、可扩展性、调优实战经验； 6、熟悉分布式架构相关设计与技术能力，如微服务、领域驱动设计、容器化、分布式缓存、RPC等； 7、对部分 Java技术有深入研究，研究过优秀开源软件的源码并有心得者优先。"
"https://www.zhipin.com/job_detail/cbb2bbb5b43982971HBy09m-FVpV.html","Java工程师（核心项目、全额社保）","20-40K·14薪","成都","","本科","华为","岗位职责： 1、有IT开发相关工作或者项目经验； 2、精通java开发，熟悉Spring、MyBatis、Springboot，Springcloud等常用的java技术和相关的框架； 3、能独立承担简单系统或子系统的开发和UT工作，可以独自完成模块级的设计和开发工作； 岗位要求： 1、精通 Java 开发，对 Spring 框架与 J2EE 体系结构有一定了解。 2、熟悉 JAVA 多线程开发、TCP/IP通信程序开发。 3、具备较强的学习能力和基本沟通能力。"
"https://www.zhipin.com/job_detail/37307e4ec58b78611XF92NS_EFtZ.html","后端开发工程师","13-16K","成都","","本科","长亮科技","职位描述： 1、负责后端系统的整体架构设计，包括技术选型、系统模块划分、接口设计等，确保系统能够满足业务需求并具备良好的可扩展性、稳定性和安全性； 2、根据产品需求，负责后端核心模块的代码编写、测试和维护工作，确保代码质量符合公司标准，并能高效运行； 3、参与数据库设计，包括表结构设计、索引优化、查询优化等，确保数据库的高效性和数据的安全性； 4、设计并实现RESTful或GraphQL等风格的API接口，与前端团队紧密合作，确保前后端数据交互的顺畅和高效； 5、对后端系统进行性能分析，识别瓶颈并进行优化，包括代码优化、数据库优化、缓存策略等，提升系统响应速度和吞吐量； 6、面对复杂的技术难题，能够主动研究并提出解决方案，与团队成员共同攻克技术难关； 7、编写详细的技术文档，包括系统设计文档、接口文档等；参与代码审查，提升团队整体代码质量； 8、关注并学习最新的后端开发技术和趋势，不断提升自己的技术水平；积极参与团队技术分享，促进团队技术氛围的活跃； 任职要求 1、计算机科学或相关专业本科及以上学历，具备扎实的计算机基础理论知识，具备5年以上技术研发及同行业工作经验； 2、熟练掌握Java编程语言，并具备丰富的项目开发经验；熟悉C、C++、Python、PHP维护； 3、熟悉数据库原理，熟练掌握关系型数据库（如MySQL、PostgreSQL）或非关系型数据库（如MongoDB、Redis）； 4、了解并掌握HTTP协议、RESTful API设计原则及常见的网络编程技术； 5、熟悉Linux操作系统，具备基本的系统管理和运维能力； 6、了解分布式系统、微服务架构、容器化（Docker）及云计算（AWS、Azure、阿里云等）相关知识者优先； 7、具备良好的问题解决能力和逻辑思维能力，能够独立分析解决复杂问题； 8、强烈的责任心和团队合作精神，能够承受一定的工作压力，与团队成员保持良好的沟通和协作。"
"https://www.zhipin.com/job_detail/63ae1d543eb1684a03B52ti0F1pT.html","高级Java开发工程师(J13457)","12-20K","成都","","本科","华为技术有限公司","工作职责: 1.深入理解数据安全业务需求，进行系统架构设计和技术方案制定，主导数据安全相关功能模块的开发与实现，确保系统的高可用性、可扩展性和安全性。 2.负责数据安全产品的后端架构设计与优化，运用 Java、Spring 等框架构建高效的后端服务，实现数据加密、访问控制、安全审计等核心数据安全功能。 3.参与数据安全技术研究，跟踪行业最新技术动态，引入先进的数据安全技术和解决方案，提升产品的技术竞争力。 4.与产品经理、前端工程师、测试工程师等团队成员紧密协作，共同完成项目需求分析、设计、开发和测试工作，确保项目按时高质量交付。 5.编写高质量的代码和技术文档，对代码进行严格的自测和审查，保证代码的规范性和可维护性。 6.解决开发过程中的技术难题，对系统进行性能调优和故障排查，确保系统稳定运行。 7.指导和带领初级工程师，分享技术经验和知识，提升团队整体技术水平。 任职资格: （一）核心技能 1.精通 Java 编程语言，熟练掌握 Spring、Spring Boot、Spring Cloud 等主流框架，熟悉微服务架构设计和开发。 2.具备扎实的软件架构设计能力，能够独立完成复杂系统的架构设计和技术选型，有大型分布式系统开发经验者优先。 3.熟悉数据安全相关技术，如数据加密、身份认证、访问控制、安全审计、漏洞修复等，了解常见的数据安全攻击手段和防御方法。 4.熟练掌握 MySQL、Redis、MongoDB 等数据库技术，具备数据库设计和优化能力。 5.熟悉 Linux 操作系统，掌握常用的命令和工具，具备服务器部署和维护经验。 6.具备良好的面向对象设计思想和编程习惯，熟悉设计模式，能够写出高质量、易维护的代码。 （二）专业经验 1.本科及以上学历，计算机相关专业，5 年以上 Java 开发经验，3 年以上数据安全或相关领域（如网络安全、信息安全）开发经验。 2.有数据安全产品（如数据脱敏系统、数据防泄漏系统、数据库安全系统等）开发经验者优先。 3.参与过大型数据安全项目的架构设计和开发，有成功落地的数据安全解决方案经验者优先。 （三）素质要求 1.具有良好的理解能力和沟通能力，能够准确理解业务需求和团队协作要求，高效地与各部门人员沟通协作。 2.主动性强，自驱型强，具备良好的学习能力和创新意识，能够快速掌握新技术和新工具，不断提升自身技术水平。 3.工作认真负责，注重细节，具备良好的团队合作精神和抗压能力，能够在紧张的工作环境中保持高效的工作状态。 4.对数据安全领域有浓厚的兴趣，关注行业发展动态，愿意深入研究数据安全技术。"
"https://www.zhipin.com/job_detail/6792ec264385df521HB509-4GVJW.html","高级java工程师","15-28K·13薪","成都","","本科","某大型知名计算机软件上市公司","我们的优势 1. 产品面向企业员工，系统基于spring cloud分布式微服务架构，k8s+docker集群部署、NG负载均衡，是一个具备高性能、高并发、高可用、大数据场景下的电商交易平台。 2. 复杂多样的业务场景，考验你的系统架构设计能力 3. 高逼格合作伙伴央国企、龙头企业如：光大银行、招商证券、浪潮、百度、中国交建等等。超多机会和大牛直接沟通； 4. 200人技术团队，含产品、UI、IOS、android、H5、java、测试，分工明确、高效协作、敏捷迭代 5. 在差旅壹号，你的人生不是由我们pick，而是由你创造； 6. 在差旅壹号，你的idea是我们想要的，特有的试错机制，你可以勇敢去实战， 7. 每年2次涨薪、4次晋升高于同行业同水平30%的薪资get； 岗位职责： 1. 负责差旅壹号机票、酒店、火车票、用车、保险电商交易系统及企业差旅管控系统、审批系统、结算报销系统、账户系统的实现，根据业务规划制定技术规划 2. 发掘和分析业务需求，撰写技术方案、制定系统架构和技术设计，以及核心模块代码开发 3. 解决各种疑难杂症问题、系统架构治理及性能优化工作 任职要求： 1. 2年以上java开发工作经验，统招本科以上学历，计算机相关专业; 2. java基础扎实，理解jvm原理、io、多线程，掌握常用设计模式； 3. 熟练掌握springcloud，Spring，springBoot，mybatis等框架; 4. 掌握MySql、Mongodb、Redis、Kafka、ElasticSearch、RibbitMQ 等技术； 5. 精通微服务架构，熟悉docker、kubernetes的配置使用，熟练掌握并发编程，高并发、高可用、高性能、高扩展的分布式系统设计 6. 具备业务抽象能力，领域模型设计能力"
"https://www.zhipin.com/job_detail/5e96b6bfbc30035f1HJz3dm8GFRX.html","java开发工程师(口语好）","14-18K","成都","","本科","艾融软件","负责公司业务模块开发 1. 和离岸IT团队紧密合作进行软件开发。开发工作涵盖整个软件开发生命周期，包括影响分析、系统设计、开发、测试、维护、文档制作和团队主管或经理所指派的所支持的任何信息系统相关的任务； 2. 负责在团队中的协调、指导并和团队成员进行知识分享； 3. 主管安排的其他工作。  熟悉Java, Spring, Spring boot 和 Spring Cloud框架开发经验；  熟悉主流的数据库（例如：MySQL, Oracle, MongoDB）;  熟练使用Git;  有分布式开发经验，熟练Redis，Azure Service Bus，Rabbit MQ 或 Kafka开发者优先  有敏捷开发经验者优先;  有线上系统维护工作的经验者优先；  优秀的分析解决问题能力和推理能力；  能够在压力下工作，并达成时间要求；  既能独立工作，又具备团队合作精神；  能够遵守编码规则和流程;  良好的英语读写能力，英语听说能力优秀者优先  学历要求本科  相关工作经验5年左右"
"https://www.zhipin.com/job_detail/7bf9bd7d7b5cfbdb03Z72NS9EVZS.html","中/高级java开发工程师","10-12K","成都","","本科","法本","任职要求： 1.本科(学信网可查），计算机专业，4年工作经验； 2.熟练SpringBoot, SpringCloud, Mybatis,Struct2等主流框架，熟练消息中间件(MQ)中的kafka、RabbitMQ技术。熟悉Netty网络框架。 3. 熟练运用关系型数据库Mysql,Oracle, PostgreSQL语句，并了解非关系数据库Redis的使用。 4.熟悉Linux常见操作命令，丰富的脚本编写经验; 5.积极主动，具有良好的团队合作精神，能承受较强的工作压力能够高效的完成编码； 6.具备较强的学习能力、理解能力和沟通能力，有较强的责任心； 7.有金融业务领域开发经验者更佳。"
"https://www.zhipin.com/job_detail/ed3b0a092d59692e03Fy09W7GFtY.html","Java开发【银行+双休】-成都","9-11K","成都","","本科","中电金信","岗位福利： 六险一金、双休、年假、加班费/调休、节假日福利 岗位要求: 1、沟通能力强、具有良好团队合作精神、高度责任心、具备owner精神。 2、熟悉主流开发框架，如Spring、SpringBoot、SpringCloud、Mybatis、Redis、RocketMQ等，熟悉orace数据库，了解1-2个框架原理。 3、熟悉掌握一种或多种主流数据库(Mysql/Oracle等)，了解数据库相关原理。 4、基础扎实、深入理解多线程、事务机制、javal0、JVM等。 5、拥有银行系统开发经验或openGauss才发经验优先。 6、学信网可查4年制本科，毕业后有2年以上开发经验。"
"https://www.zhipin.com/job_detail/dcdfa0de298db48503J62927E1JY.html","java工程师（自研项目）","20-40K·14薪","成都","","本科","华为","1、工作经验无要求；可接受25届 2、JAVA基础扎实，充分理解面向对象，熟悉io、nio、多线程、设计模式、通信协议等基础技术；熟悉JVM 工作原理并掌握常见性能调优方法； 3、熟悉Spring、Springmvc、Mybatis、Hibernate等常用开发框架及特征，熟悉常用中间件Tomcat、Mq、Kafka等； 4、熟悉单元测试用例开发；熟悉软件技术文档的编写； 5、具备良好的文档编制习惯和代码书写规范；"
